<?xml version='1.0' encoding='UTF-8'?>
<manifest xmlns="http://www.imsglobal.org/xsd/imscp_v1p1" xmlns:adlcp="http://www.adlnet.org/xsd/adlcp_v1p3" xmlns:adlseq="http://www.adlnet.org/xsd/adlseq_v1p3" xmlns:adlnav="http://www.adlnet.org/xsd/adlnav_v1p3" xmlns:imsss="http://www.imsglobal.org/xsd/imsss" xmlns:xsi="http://www.w3.org/2001/XMLSchema-instance" xmlns:lom="http://ltsc.ieee.org/xsd/LOM" identifier="ID-779cae7b-65f1-4d49-a58b-a62f06f6b3da" version="1" xsi:schemaLocation="http://www.imsglobal.org/xsd/imscp_v1p1 imscp_v1p1.xsd                                       http://www.adlnet.org/xsd/adlcp_v1p3 adlcp_v1p3.xsd                                       http://www.adlnet.org/xsd/adlseq_v1p3 adlseq_v1p3.xsd                                       http://www.adlnet.org/xsd/adlnav_v1p3 adlnav_v1p3.xsd                                       http://www.imsglobal.org/xsd/imsss imsss_v1p0.xsd                                       http://ltsc.ieee.org/xsd/LOM lom.xsd">
  <metadata>
    <schema>ADL SCORM</schema>
    <schemaversion>CAM 1.3</schemaversion>
    <lom:lom>
      <lom:general>
        <lom:title>
          <lom:string language="en">Camtasia Video Course</lom:string>
        </lom:title>
        <lom:description>
          <lom:string language="en"/>
        </lom:description>
      </lom:general>
    </lom:lom>
  </metadata>
  <organizations default="B0">
    <organization identifier="B0" adlseq:objectivesGlobalToSystem="false">
      <title>Teste Final com Tudo a Funcionar</title>
      <item identifier="I_SCO0" identifierref="SCO0" isvisible="true">
        <title>Teste Final com Tudo a Funcionar</title>
      </item>
    </organization>
  </organizations>
  <resources>
    <resource identifier="SCO0" type="webcontent" adlcp:scormType="sco" href="video.html">
      <file href="video.html"/>
      <dependency identifierref="ALLRESOURCES"/>
    </resource>
    <resource identifier="ALLRESOURCES" type="webcontent" adlcp:scormType="asset">
      <file href="video.html"/>
      <file href="video_embed.css"/>
      <file href="video_player.html"/>
      <file href="video.mp4"/>
      <file href="video_config.xml"/>
      <file href="video_First_Frame.png"/>
      <file href="video_Thumbnails.png"/>
    </resource>
  </resources>
</manifest>
