<?xml version='1.0' encoding='UTF-8'?>
<x:xmpmeta xmlns:x="adobe:ns:meta/" xmlns:tsc="http://www.techsmith.com/xmp/tsc/" tsc:version="2.0.1">
  <rdf:RDF xmlns:rdf="http://www.w3.org/1999/02/22-rdf-syntax-ns#" xmlns:xmp="http://ns.adobe.com/xap/1.0/" xmlns:xmpDM="http://ns.adobe.com/xmp/1.0/DynamicMedia/" xmlns:xmpG="http://ns.adobe.com/xap/1.0/g/" xmlns:xmpMM="http://ns.adobe.com/xap/1.0/mm/" xmlns:tscDM="http://www.techsmith.com/xmp/tscDM/" xmlns:tscIQ="http://www.techsmith.com/xmp/tscIQ/" xmlns:tscHS="http://www.techsmith.com/xmp/tscHS/" xmlns:stDim="http://ns.adobe.com/xap/1.0/sType/Dimensions#" xmlns:stFnt="http://ns.adobe.com/xap/1.0/sType/Font#" xmlns:exif="http://ns.adobe.com/exif/1.0" xmlns:dc="http://purl.org/dc/elements/1.1/">
    <rdf:Description dc:date="2025-06-12 08:23:02 " dc:source="Camtasia,25.1.2,ptb" dc:title="video" tscDM:firstFrame="video_First_Frame.png" tscDM:project="video">
      <xmpDM:duration xmpDM:scale="1/1000" xmpDM:value="251766"/>
      <xmpDM:videoFrameSize stDim:unit="pixel" stDim:h="1080" stDim:w="1920"/>
      <tsc:langName>
        <rdf:Bag>
          <rdf:li xml:lang="pt-BR">Portuguese</rdf:li>
        </rdf:Bag>
      </tsc:langName>
      <xmpDM:Tracks>
        <rdf:Bag>
          <rdf:li>
            <rdf:Description xmpDM:trackType="Caption" xmpDM:frameRate="f1000" xmpDM:trackName="Captioning" stFnt:fontFamily="Arial" tscDM:fontSize="64" tscDM:bgOpacity="0.750000" tscDM:position="overlay">
              <xmpDM:markers>
                <rdf:Seq>
                  <rdf:li>
                    <rdf:Description xmpDM:duration="9500" xmpDM:startTime="0" tscDM:valign="bottom" tscDM:halign="center">
                      <xmpDM:name>
                        <rdf:Alt>
                          <rdf:li xml:lang="pt-BR">{\rtf1 }</rdf:li>
                        </rdf:Alt>
                      </xmpDM:name>
                    </rdf:Description>
                  </rdf:li>
                  <rdf:li>
                    <rdf:Description xmpDM:duration="1600" xmpDM:startTime="9500" tscDM:valign="bottom" tscDM:halign="center">
                      <xmpDM:name>
                        <rdf:Alt>
                          <rdf:li xml:lang="pt-BR">{\rtf1 Boas-vindas à nossa videoaula}</rdf:li>
                        </rdf:Alt>
                      </xmpDM:name>
                    </rdf:Description>
                  </rdf:li>
                  <rdf:li>
                    <rdf:Description xmpDM:duration="2933" xmpDM:startTime="11100" tscDM:valign="bottom" tscDM:halign="center">
                      <xmpDM:name>
                        <rdf:Alt>
                          <rdf:li xml:lang="pt-BR">{\rtf1 sobre micronutrientes e compostos bioativos.}</rdf:li>
                        </rdf:Alt>
                      </xmpDM:name>
                    </rdf:Description>
                  </rdf:li>
                  <rdf:li>
                    <rdf:Description xmpDM:duration="467" xmpDM:startTime="14033" tscDM:valign="bottom" tscDM:halign="center">
                      <xmpDM:name>
                        <rdf:Alt>
                          <rdf:li xml:lang="pt-BR">{\rtf1 }</rdf:li>
                        </rdf:Alt>
                      </xmpDM:name>
                    </rdf:Description>
                  </rdf:li>
                  <rdf:li>
                    <rdf:Description xmpDM:duration="1100" xmpDM:startTime="14500" tscDM:valign="bottom" tscDM:halign="center">
                      <xmpDM:name>
                        <rdf:Alt>
                          <rdf:li xml:lang="pt-BR">{\rtf1 Nesse vídeo, haverá}</rdf:li>
                        </rdf:Alt>
                      </xmpDM:name>
                    </rdf:Description>
                  </rdf:li>
                  <rdf:li>
                    <rdf:Description xmpDM:duration="133" xmpDM:startTime="15600" tscDM:valign="bottom" tscDM:halign="center">
                      <xmpDM:name>
                        <rdf:Alt>
                          <rdf:li xml:lang="pt-BR">{\rtf1 }</rdf:li>
                        </rdf:Alt>
                      </xmpDM:name>
                    </rdf:Description>
                  </rdf:li>
                  <rdf:li>
                    <rdf:Description xmpDM:duration="1767" xmpDM:startTime="15733" tscDM:valign="bottom" tscDM:halign="center">
                      <xmpDM:name>
                        <rdf:Alt>
                          <rdf:li xml:lang="pt-BR">{\rtf1 vários ícones clicáveis na tela}</rdf:li>
                        </rdf:Alt>
                      </xmpDM:name>
                    </rdf:Description>
                  </rdf:li>
                  <rdf:li>
                    <rdf:Description xmpDM:duration="167" xmpDM:startTime="17500" tscDM:valign="bottom" tscDM:halign="center">
                      <xmpDM:name>
                        <rdf:Alt>
                          <rdf:li xml:lang="pt-BR">{\rtf1 }</rdf:li>
                        </rdf:Alt>
                      </xmpDM:name>
                    </rdf:Description>
                  </rdf:li>
                  <rdf:li>
                    <rdf:Description xmpDM:duration="2033" xmpDM:startTime="17667" tscDM:valign="bottom" tscDM:halign="center">
                      <xmpDM:name>
                        <rdf:Alt>
                          <rdf:li xml:lang="pt-BR">{\rtf1 para você questionar suas perspectivas,}</rdf:li>
                        </rdf:Alt>
                      </xmpDM:name>
                    </rdf:Description>
                  </rdf:li>
                  <rdf:li>
                    <rdf:Description xmpDM:duration="333" xmpDM:startTime="19700" tscDM:valign="bottom" tscDM:halign="center">
                      <xmpDM:name>
                        <rdf:Alt>
                          <rdf:li xml:lang="pt-BR">{\rtf1 }</rdf:li>
                        </rdf:Alt>
                      </xmpDM:name>
                    </rdf:Description>
                  </rdf:li>
                  <rdf:li>
                    <rdf:Description xmpDM:duration="1033" xmpDM:startTime="20033" tscDM:valign="bottom" tscDM:halign="center">
                      <xmpDM:name>
                        <rdf:Alt>
                          <rdf:li xml:lang="pt-BR">{\rtf1 se aprofundar e}</rdf:li>
                        </rdf:Alt>
                      </xmpDM:name>
                    </rdf:Description>
                  </rdf:li>
                  <rdf:li>
                    <rdf:Description xmpDM:duration="1833" xmpDM:startTime="21067" tscDM:valign="bottom" tscDM:halign="center">
                      <xmpDM:name>
                        <rdf:Alt>
                          <rdf:li xml:lang="pt-BR">{\rtf1 ainda testar seus conhecimentos.}</rdf:li>
                        </rdf:Alt>
                      </xmpDM:name>
                    </rdf:Description>
                  </rdf:li>
                  <rdf:li>
                    <rdf:Description xmpDM:duration="267" xmpDM:startTime="22900" tscDM:valign="bottom" tscDM:halign="center">
                      <xmpDM:name>
                        <rdf:Alt>
                          <rdf:li xml:lang="pt-BR">{\rtf1 }</rdf:li>
                        </rdf:Alt>
                      </xmpDM:name>
                    </rdf:Description>
                  </rdf:li>
                  <rdf:li>
                    <rdf:Description xmpDM:duration="700" xmpDM:startTime="23167" tscDM:valign="bottom" tscDM:halign="center">
                      <xmpDM:name>
                        <rdf:Alt>
                          <rdf:li xml:lang="pt-BR">{\rtf1 Vamos começar?}</rdf:li>
                        </rdf:Alt>
                      </xmpDM:name>
                    </rdf:Description>
                  </rdf:li>
                  <rdf:li>
                    <rdf:Description xmpDM:duration="633" xmpDM:startTime="23867" tscDM:valign="bottom" tscDM:halign="center">
                      <xmpDM:name>
                        <rdf:Alt>
                          <rdf:li xml:lang="pt-BR">{\rtf1 }</rdf:li>
                        </rdf:Alt>
                      </xmpDM:name>
                    </rdf:Description>
                  </rdf:li>
                  <rdf:li>
                    <rdf:Description xmpDM:duration="2600" xmpDM:startTime="24500" tscDM:valign="bottom" tscDM:halign="center">
                      <xmpDM:name>
                        <rdf:Alt>
                          <rdf:li xml:lang="pt-BR">{\rtf1 Os micronutrientes e compostos bioativos}</rdf:li>
                        </rdf:Alt>
                      </xmpDM:name>
                    </rdf:Description>
                  </rdf:li>
                  <rdf:li>
                    <rdf:Description xmpDM:duration="300" xmpDM:startTime="27100" tscDM:valign="bottom" tscDM:halign="center">
                      <xmpDM:name>
                        <rdf:Alt>
                          <rdf:li xml:lang="pt-BR">{\rtf1 }</rdf:li>
                        </rdf:Alt>
                      </xmpDM:name>
                    </rdf:Description>
                  </rdf:li>
                  <rdf:li>
                    <rdf:Description xmpDM:duration="2000" xmpDM:startTime="27400" tscDM:valign="bottom" tscDM:halign="center">
                      <xmpDM:name>
                        <rdf:Alt>
                          <rdf:li xml:lang="pt-BR">{\rtf1 são encontrados em alimentos in natura,}</rdf:li>
                        </rdf:Alt>
                      </xmpDM:name>
                    </rdf:Description>
                  </rdf:li>
                  <rdf:li>
                    <rdf:Description xmpDM:duration="300" xmpDM:startTime="29400" tscDM:valign="bottom" tscDM:halign="center">
                      <xmpDM:name>
                        <rdf:Alt>
                          <rdf:li xml:lang="pt-BR">{\rtf1 }</rdf:li>
                        </rdf:Alt>
                      </xmpDM:name>
                    </rdf:Description>
                  </rdf:li>
                  <rdf:li>
                    <rdf:Description xmpDM:duration="2267" xmpDM:startTime="29700" tscDM:valign="bottom" tscDM:halign="center">
                      <xmpDM:name>
                        <rdf:Alt>
                          <rdf:li xml:lang="pt-BR">{\rtf1 apresentando-se em diferentes concentrações}</rdf:li>
                        </rdf:Alt>
                      </xmpDM:name>
                    </rdf:Description>
                  </rdf:li>
                  <rdf:li>
                    <rdf:Description xmpDM:duration="233" xmpDM:startTime="31967" tscDM:valign="bottom" tscDM:halign="center">
                      <xmpDM:name>
                        <rdf:Alt>
                          <rdf:li xml:lang="pt-BR">{\rtf1 }</rdf:li>
                        </rdf:Alt>
                      </xmpDM:name>
                    </rdf:Description>
                  </rdf:li>
                  <rdf:li>
                    <rdf:Description xmpDM:duration="3667" xmpDM:startTime="32200" tscDM:valign="bottom" tscDM:halign="center">
                      <xmpDM:name>
                        <rdf:Alt>
                          <rdf:li xml:lang="pt-BR">{\rtf1 que podem ser influenciadas até mesmo pelas estações do ano.}</rdf:li>
                        </rdf:Alt>
                      </xmpDM:name>
                    </rdf:Description>
                  </rdf:li>
                  <rdf:li>
                    <rdf:Description xmpDM:duration="400" xmpDM:startTime="35867" tscDM:valign="bottom" tscDM:halign="center">
                      <xmpDM:name>
                        <rdf:Alt>
                          <rdf:li xml:lang="pt-BR">{\rtf1 }</rdf:li>
                        </rdf:Alt>
                      </xmpDM:name>
                    </rdf:Description>
                  </rdf:li>
                  <rdf:li>
                    <rdf:Description xmpDM:duration="1333" xmpDM:startTime="36267" tscDM:valign="bottom" tscDM:halign="center">
                      <xmpDM:name>
                        <rdf:Alt>
                          <rdf:li xml:lang="pt-BR">{\rtf1 As vitaminas e minerais}</rdf:li>
                        </rdf:Alt>
                      </xmpDM:name>
                    </rdf:Description>
                  </rdf:li>
                  <rdf:li>
                    <rdf:Description xmpDM:duration="233" xmpDM:startTime="37600" tscDM:valign="bottom" tscDM:halign="center">
                      <xmpDM:name>
                        <rdf:Alt>
                          <rdf:li xml:lang="pt-BR">{\rtf1 }</rdf:li>
                        </rdf:Alt>
                      </xmpDM:name>
                    </rdf:Description>
                  </rdf:li>
                  <rdf:li>
                    <rdf:Description xmpDM:duration="2400" xmpDM:startTime="37833" tscDM:valign="bottom" tscDM:halign="center">
                      <xmpDM:name>
                        <rdf:Alt>
                          <rdf:li xml:lang="pt-BR">{\rtf1 podem ser definidos como elementos essenciais,}</rdf:li>
                        </rdf:Alt>
                      </xmpDM:name>
                    </rdf:Description>
                  </rdf:li>
                  <rdf:li>
                    <rdf:Description xmpDM:duration="200" xmpDM:startTime="40233" tscDM:valign="bottom" tscDM:halign="center">
                      <xmpDM:name>
                        <rdf:Alt>
                          <rdf:li xml:lang="pt-BR">{\rtf1 }</rdf:li>
                        </rdf:Alt>
                      </xmpDM:name>
                    </rdf:Description>
                  </rdf:li>
                  <rdf:li>
                    <rdf:Description xmpDM:duration="1767" xmpDM:startTime="40433" tscDM:valign="bottom" tscDM:halign="center">
                      <xmpDM:name>
                        <rdf:Alt>
                          <rdf:li xml:lang="pt-BR">{\rtf1 não calóricos e indispensáveis}</rdf:li>
                        </rdf:Alt>
                      </xmpDM:name>
                    </rdf:Description>
                  </rdf:li>
                  <rdf:li>
                    <rdf:Description xmpDM:duration="300" xmpDM:startTime="42200" tscDM:valign="bottom" tscDM:halign="center">
                      <xmpDM:name>
                        <rdf:Alt>
                          <rdf:li xml:lang="pt-BR">{\rtf1 }</rdf:li>
                        </rdf:Alt>
                      </xmpDM:name>
                    </rdf:Description>
                  </rdf:li>
                  <rdf:li>
                    <rdf:Description xmpDM:duration="1500" xmpDM:startTime="42500" tscDM:valign="bottom" tscDM:halign="center">
                      <xmpDM:name>
                        <rdf:Alt>
                          <rdf:li xml:lang="pt-BR">{\rtf1 para as funções orgânicas.}</rdf:li>
                        </rdf:Alt>
                      </xmpDM:name>
                    </rdf:Description>
                  </rdf:li>
                  <rdf:li>
                    <rdf:Description xmpDM:duration="500" xmpDM:startTime="44000" tscDM:valign="bottom" tscDM:halign="center">
                      <xmpDM:name>
                        <rdf:Alt>
                          <rdf:li xml:lang="pt-BR">{\rtf1 }</rdf:li>
                        </rdf:Alt>
                      </xmpDM:name>
                    </rdf:Description>
                  </rdf:li>
                  <rdf:li>
                    <rdf:Description xmpDM:duration="2267" xmpDM:startTime="44500" tscDM:valign="bottom" tscDM:halign="center">
                      <xmpDM:name>
                        <rdf:Alt>
                          <rdf:li xml:lang="pt-BR">{\rtf1 Eles são requeridos em quantidades pequenas,}</rdf:li>
                        </rdf:Alt>
                      </xmpDM:name>
                    </rdf:Description>
                  </rdf:li>
                  <rdf:li>
                    <rdf:Description xmpDM:duration="267" xmpDM:startTime="46767" tscDM:valign="bottom" tscDM:halign="center">
                      <xmpDM:name>
                        <rdf:Alt>
                          <rdf:li xml:lang="pt-BR">{\rtf1 }</rdf:li>
                        </rdf:Alt>
                      </xmpDM:name>
                    </rdf:Description>
                  </rdf:li>
                  <rdf:li>
                    <rdf:Description xmpDM:duration="2333" xmpDM:startTime="47033" tscDM:valign="bottom" tscDM:halign="center">
                      <xmpDM:name>
                        <rdf:Alt>
                          <rdf:li xml:lang="pt-BR">{\rtf1 sendo assim chamados de micronutrientes.}</rdf:li>
                        </rdf:Alt>
                      </xmpDM:name>
                    </rdf:Description>
                  </rdf:li>
                  <rdf:li>
                    <rdf:Description xmpDM:duration="533" xmpDM:startTime="49367" tscDM:valign="bottom" tscDM:halign="center">
                      <xmpDM:name>
                        <rdf:Alt>
                          <rdf:li xml:lang="pt-BR">{\rtf1 }</rdf:li>
                        </rdf:Alt>
                      </xmpDM:name>
                    </rdf:Description>
                  </rdf:li>
                  <rdf:li>
                    <rdf:Description xmpDM:duration="2100" xmpDM:startTime="49900" tscDM:valign="bottom" tscDM:halign="center">
                      <xmpDM:name>
                        <rdf:Alt>
                          <rdf:li xml:lang="pt-BR">{\rtf1 Para se aprofundar, clique no ícone em tela.}</rdf:li>
                        </rdf:Alt>
                      </xmpDM:name>
                    </rdf:Description>
                  </rdf:li>
                  <rdf:li>
                    <rdf:Description xmpDM:duration="600" xmpDM:startTime="52000" tscDM:valign="bottom" tscDM:halign="center">
                      <xmpDM:name>
                        <rdf:Alt>
                          <rdf:li xml:lang="pt-BR">{\rtf1 }</rdf:li>
                        </rdf:Alt>
                      </xmpDM:name>
                    </rdf:Description>
                  </rdf:li>
                  <rdf:li>
                    <rdf:Description xmpDM:duration="4000" xmpDM:startTime="52600" tscDM:valign="bottom" tscDM:halign="center">
                      <xmpDM:name>
                        <rdf:Alt>
                          <rdf:li xml:lang="pt-BR">{\rtf1 As vitaminas são classificadas em lipossolúveis e hidrossolúveis.}</rdf:li>
                        </rdf:Alt>
                      </xmpDM:name>
                    </rdf:Description>
                  </rdf:li>
                  <rdf:li>
                    <rdf:Description xmpDM:duration="500" xmpDM:startTime="56600" tscDM:valign="bottom" tscDM:halign="center">
                      <xmpDM:name>
                        <rdf:Alt>
                          <rdf:li xml:lang="pt-BR">{\rtf1 }</rdf:li>
                        </rdf:Alt>
                      </xmpDM:name>
                    </rdf:Description>
                  </rdf:li>
                  <rdf:li>
                    <rdf:Description xmpDM:duration="3400" xmpDM:startTime="57100" tscDM:valign="bottom" tscDM:halign="center">
                      <xmpDM:name>
                        <rdf:Alt>
                          <rdf:li xml:lang="pt-BR">{\rtf1 As vitaminas lipossolúveis representadas pelas vitaminas A,}</rdf:li>
                        </rdf:Alt>
                      </xmpDM:name>
                    </rdf:Description>
                  </rdf:li>
                  <rdf:li>
                    <rdf:Description xmpDM:duration="433" xmpDM:startTime="60500" tscDM:valign="bottom" tscDM:halign="center">
                      <xmpDM:name>
                        <rdf:Alt>
                          <rdf:li xml:lang="pt-BR">{\rtf1 }</rdf:li>
                        </rdf:Alt>
                      </xmpDM:name>
                    </rdf:Description>
                  </rdf:li>
                  <rdf:li>
                    <rdf:Description xmpDM:duration="1567" xmpDM:startTime="60933" tscDM:valign="bottom" tscDM:halign="center">
                      <xmpDM:name>
                        <rdf:Alt>
                          <rdf:li xml:lang="pt-BR">{\rtf1 D, E e K}</rdf:li>
                        </rdf:Alt>
                      </xmpDM:name>
                    </rdf:Description>
                  </rdf:li>
                  <rdf:li>
                    <rdf:Description xmpDM:duration="433" xmpDM:startTime="62500" tscDM:valign="bottom" tscDM:halign="center">
                      <xmpDM:name>
                        <rdf:Alt>
                          <rdf:li xml:lang="pt-BR">{\rtf1 }</rdf:li>
                        </rdf:Alt>
                      </xmpDM:name>
                    </rdf:Description>
                  </rdf:li>
                  <rdf:li>
                    <rdf:Description xmpDM:duration="3267" xmpDM:startTime="62933" tscDM:valign="bottom" tscDM:halign="center">
                      <xmpDM:name>
                        <rdf:Alt>
                          <rdf:li xml:lang="pt-BR">{\rtf1 devem ser transportadas com os lipídios dietéticos.}</rdf:li>
                        </rdf:Alt>
                      </xmpDM:name>
                    </rdf:Description>
                  </rdf:li>
                  <rdf:li>
                    <rdf:Description xmpDM:duration="567" xmpDM:startTime="66200" tscDM:valign="bottom" tscDM:halign="center">
                      <xmpDM:name>
                        <rdf:Alt>
                          <rdf:li xml:lang="pt-BR">{\rtf1 }</rdf:li>
                        </rdf:Alt>
                      </xmpDM:name>
                    </rdf:Description>
                  </rdf:li>
                  <rdf:li>
                    <rdf:Description xmpDM:duration="2600" xmpDM:startTime="66767" tscDM:valign="bottom" tscDM:halign="center">
                      <xmpDM:name>
                        <rdf:Alt>
                          <rdf:li xml:lang="pt-BR">{\rtf1 As demais vitaminas, vitaminas do complexo B}</rdf:li>
                        </rdf:Alt>
                      </xmpDM:name>
                    </rdf:Description>
                  </rdf:li>
                  <rdf:li>
                    <rdf:Description xmpDM:duration="133" xmpDM:startTime="69367" tscDM:valign="bottom" tscDM:halign="center">
                      <xmpDM:name>
                        <rdf:Alt>
                          <rdf:li xml:lang="pt-BR">{\rtf1 }</rdf:li>
                        </rdf:Alt>
                      </xmpDM:name>
                    </rdf:Description>
                  </rdf:li>
                  <rdf:li>
                    <rdf:Description xmpDM:duration="2233" xmpDM:startTime="69500" tscDM:valign="bottom" tscDM:halign="center">
                      <xmpDM:name>
                        <rdf:Alt>
                          <rdf:li xml:lang="pt-BR">{\rtf1 e vitamina C, são solúveis em água}</rdf:li>
                        </rdf:Alt>
                      </xmpDM:name>
                    </rdf:Description>
                  </rdf:li>
                  <rdf:li>
                    <rdf:Description xmpDM:duration="267" xmpDM:startTime="71733" tscDM:valign="bottom" tscDM:halign="center">
                      <xmpDM:name>
                        <rdf:Alt>
                          <rdf:li xml:lang="pt-BR">{\rtf1 }</rdf:li>
                        </rdf:Alt>
                      </xmpDM:name>
                    </rdf:Description>
                  </rdf:li>
                  <rdf:li>
                    <rdf:Description xmpDM:duration="1767" xmpDM:startTime="72000" tscDM:valign="bottom" tscDM:halign="center">
                      <xmpDM:name>
                        <rdf:Alt>
                          <rdf:li xml:lang="pt-BR">{\rtf1 e podem ser transportadas no sangue.}</rdf:li>
                        </rdf:Alt>
                      </xmpDM:name>
                    </rdf:Description>
                  </rdf:li>
                  <rdf:li>
                    <rdf:Description xmpDM:duration="633" xmpDM:startTime="73767" tscDM:valign="bottom" tscDM:halign="center">
                      <xmpDM:name>
                        <rdf:Alt>
                          <rdf:li xml:lang="pt-BR">{\rtf1 }</rdf:li>
                        </rdf:Alt>
                      </xmpDM:name>
                    </rdf:Description>
                  </rdf:li>
                  <rdf:li>
                    <rdf:Description xmpDM:duration="2167" xmpDM:startTime="74400" tscDM:valign="bottom" tscDM:halign="center">
                      <xmpDM:name>
                        <rdf:Alt>
                          <rdf:li xml:lang="pt-BR">{\rtf1 As vitaminas possuem diferentes funções,}</rdf:li>
                        </rdf:Alt>
                      </xmpDM:name>
                    </rdf:Description>
                  </rdf:li>
                  <rdf:li>
                    <rdf:Description xmpDM:duration="333" xmpDM:startTime="76567" tscDM:valign="bottom" tscDM:halign="center">
                      <xmpDM:name>
                        <rdf:Alt>
                          <rdf:li xml:lang="pt-BR">{\rtf1 }</rdf:li>
                        </rdf:Alt>
                      </xmpDM:name>
                    </rdf:Description>
                  </rdf:li>
                  <rdf:li>
                    <rdf:Description xmpDM:duration="2233" xmpDM:startTime="76900" tscDM:valign="bottom" tscDM:halign="center">
                      <xmpDM:name>
                        <rdf:Alt>
                          <rdf:li xml:lang="pt-BR">{\rtf1 porém é interessante destacar uma função}</rdf:li>
                        </rdf:Alt>
                      </xmpDM:name>
                    </rdf:Description>
                  </rdf:li>
                  <rdf:li>
                    <rdf:Description xmpDM:duration="100" xmpDM:startTime="79133" tscDM:valign="bottom" tscDM:halign="center">
                      <xmpDM:name>
                        <rdf:Alt>
                          <rdf:li xml:lang="pt-BR">{\rtf1 }</rdf:li>
                        </rdf:Alt>
                      </xmpDM:name>
                    </rdf:Description>
                  </rdf:li>
                  <rdf:li>
                    <rdf:Description xmpDM:duration="1867" xmpDM:startTime="79233" tscDM:valign="bottom" tscDM:halign="center">
                      <xmpDM:name>
                        <rdf:Alt>
                          <rdf:li xml:lang="pt-BR">{\rtf1 geral das moléculas de vitamina.}</rdf:li>
                        </rdf:Alt>
                      </xmpDM:name>
                    </rdf:Description>
                  </rdf:li>
                  <rdf:li>
                    <rdf:Description xmpDM:duration="500" xmpDM:startTime="81100" tscDM:valign="bottom" tscDM:halign="center">
                      <xmpDM:name>
                        <rdf:Alt>
                          <rdf:li xml:lang="pt-BR">{\rtf1 }</rdf:li>
                        </rdf:Alt>
                      </xmpDM:name>
                    </rdf:Description>
                  </rdf:li>
                  <rdf:li>
                    <rdf:Description xmpDM:duration="1567" xmpDM:startTime="81600" tscDM:valign="bottom" tscDM:halign="center">
                      <xmpDM:name>
                        <rdf:Alt>
                          <rdf:li xml:lang="pt-BR">{\rtf1 São catalisadoras do organismo,}</rdf:li>
                        </rdf:Alt>
                      </xmpDM:name>
                    </rdf:Description>
                  </rdf:li>
                  <rdf:li>
                    <rdf:Description xmpDM:duration="167" xmpDM:startTime="83167" tscDM:valign="bottom" tscDM:halign="center">
                      <xmpDM:name>
                        <rdf:Alt>
                          <rdf:li xml:lang="pt-BR">{\rtf1 }</rdf:li>
                        </rdf:Alt>
                      </xmpDM:name>
                    </rdf:Description>
                  </rdf:li>
                  <rdf:li>
                    <rdf:Description xmpDM:duration="2000" xmpDM:startTime="83333" tscDM:valign="bottom" tscDM:halign="center">
                      <xmpDM:name>
                        <rdf:Alt>
                          <rdf:li xml:lang="pt-BR">{\rtf1 capazes de ativar a oxidação dos alimentos}</rdf:li>
                        </rdf:Alt>
                      </xmpDM:name>
                    </rdf:Description>
                  </rdf:li>
                  <rdf:li>
                    <rdf:Description xmpDM:duration="2333" xmpDM:startTime="85333" tscDM:valign="bottom" tscDM:halign="center">
                      <xmpDM:name>
                        <rdf:Alt>
                          <rdf:li xml:lang="pt-BR">{\rtf1 e as reações metabólicas,}</rdf:li>
                        </rdf:Alt>
                      </xmpDM:name>
                    </rdf:Description>
                  </rdf:li>
                  <rdf:li>
                    <rdf:Description xmpDM:duration="267" xmpDM:startTime="87667" tscDM:valign="bottom" tscDM:halign="center">
                      <xmpDM:name>
                        <rdf:Alt>
                          <rdf:li xml:lang="pt-BR">{\rtf1 }</rdf:li>
                        </rdf:Alt>
                      </xmpDM:name>
                    </rdf:Description>
                  </rdf:li>
                  <rdf:li>
                    <rdf:Description xmpDM:duration="1967" xmpDM:startTime="87933" tscDM:valign="bottom" tscDM:halign="center">
                      <xmpDM:name>
                        <rdf:Alt>
                          <rdf:li xml:lang="pt-BR">{\rtf1 auxiliando a libertação e o uso}</rdf:li>
                        </rdf:Alt>
                      </xmpDM:name>
                    </rdf:Description>
                  </rdf:li>
                  <rdf:li>
                    <rdf:Description xmpDM:duration="3000" xmpDM:startTime="89900" tscDM:valign="bottom" tscDM:halign="center">
                      <xmpDM:name>
                        <rdf:Alt>
                          <rdf:li xml:lang="pt-BR">{\rtf1 da energia proveniente de proteínas e carboidratos.}</rdf:li>
                        </rdf:Alt>
                      </xmpDM:name>
                    </rdf:Description>
                  </rdf:li>
                  <rdf:li>
                    <rdf:Description xmpDM:duration="300" xmpDM:startTime="92900" tscDM:valign="bottom" tscDM:halign="center">
                      <xmpDM:name>
                        <rdf:Alt>
                          <rdf:li xml:lang="pt-BR">{\rtf1 }</rdf:li>
                        </rdf:Alt>
                      </xmpDM:name>
                    </rdf:Description>
                  </rdf:li>
                  <rdf:li>
                    <rdf:Description xmpDM:duration="1233" xmpDM:startTime="93200" tscDM:valign="bottom" tscDM:halign="center">
                      <xmpDM:name>
                        <rdf:Alt>
                          <rdf:li xml:lang="pt-BR">{\rtf1 Pelo fato de as vitaminas serem}</rdf:li>
                        </rdf:Alt>
                      </xmpDM:name>
                    </rdf:Description>
                  </rdf:li>
                  <rdf:li>
                    <rdf:Description xmpDM:duration="100" xmpDM:startTime="94433" tscDM:valign="bottom" tscDM:halign="center">
                      <xmpDM:name>
                        <rdf:Alt>
                          <rdf:li xml:lang="pt-BR">{\rtf1 }</rdf:li>
                        </rdf:Alt>
                      </xmpDM:name>
                    </rdf:Description>
                  </rdf:li>
                  <rdf:li>
                    <rdf:Description xmpDM:duration="1400" xmpDM:startTime="94533" tscDM:valign="bottom" tscDM:halign="center">
                      <xmpDM:name>
                        <rdf:Alt>
                          <rdf:li xml:lang="pt-BR">{\rtf1 imprescindíveis para algumas}</rdf:li>
                        </rdf:Alt>
                      </xmpDM:name>
                    </rdf:Description>
                  </rdf:li>
                  <rdf:li>
                    <rdf:Description xmpDM:duration="1833" xmpDM:startTime="95933" tscDM:valign="bottom" tscDM:halign="center">
                      <xmpDM:name>
                        <rdf:Alt>
                          <rdf:li xml:lang="pt-BR">{\rtf1 reações no organismo humano,}</rdf:li>
                        </rdf:Alt>
                      </xmpDM:name>
                    </rdf:Description>
                  </rdf:li>
                  <rdf:li>
                    <rdf:Description xmpDM:duration="400" xmpDM:startTime="97767" tscDM:valign="bottom" tscDM:halign="center">
                      <xmpDM:name>
                        <rdf:Alt>
                          <rdf:li xml:lang="pt-BR">{\rtf1 }</rdf:li>
                        </rdf:Alt>
                      </xmpDM:name>
                    </rdf:Description>
                  </rdf:li>
                  <rdf:li>
                    <rdf:Description xmpDM:duration="1100" xmpDM:startTime="98167" tscDM:valign="bottom" tscDM:halign="center">
                      <xmpDM:name>
                        <rdf:Alt>
                          <rdf:li xml:lang="pt-BR">{\rtf1 pode-se considerar que}</rdf:li>
                        </rdf:Alt>
                      </xmpDM:name>
                    </rdf:Description>
                  </rdf:li>
                  <rdf:li>
                    <rdf:Description xmpDM:duration="100" xmpDM:startTime="99267" tscDM:valign="bottom" tscDM:halign="center">
                      <xmpDM:name>
                        <rdf:Alt>
                          <rdf:li xml:lang="pt-BR">{\rtf1 }</rdf:li>
                        </rdf:Alt>
                      </xmpDM:name>
                    </rdf:Description>
                  </rdf:li>
                  <rdf:li>
                    <rdf:Description xmpDM:duration="1900" xmpDM:startTime="99367" tscDM:valign="bottom" tscDM:halign="center">
                      <xmpDM:name>
                        <rdf:Alt>
                          <rdf:li xml:lang="pt-BR">{\rtf1 elas atuam como coenzimas.}</rdf:li>
                        </rdf:Alt>
                      </xmpDM:name>
                    </rdf:Description>
                  </rdf:li>
                  <rdf:li>
                    <rdf:Description xmpDM:duration="333" xmpDM:startTime="101267" tscDM:valign="bottom" tscDM:halign="center">
                      <xmpDM:name>
                        <rdf:Alt>
                          <rdf:li xml:lang="pt-BR">{\rtf1 }</rdf:li>
                        </rdf:Alt>
                      </xmpDM:name>
                    </rdf:Description>
                  </rdf:li>
                  <rdf:li>
                    <rdf:Description xmpDM:duration="1200" xmpDM:startTime="101600" tscDM:valign="bottom" tscDM:halign="center">
                      <xmpDM:name>
                        <rdf:Alt>
                          <rdf:li xml:lang="pt-BR">{\rtf1 Clique no ícone em tela}</rdf:li>
                        </rdf:Alt>
                      </xmpDM:name>
                    </rdf:Description>
                  </rdf:li>
                  <rdf:li>
                    <rdf:Description xmpDM:duration="100" xmpDM:startTime="102800" tscDM:valign="bottom" tscDM:halign="center">
                      <xmpDM:name>
                        <rdf:Alt>
                          <rdf:li xml:lang="pt-BR">{\rtf1 }</rdf:li>
                        </rdf:Alt>
                      </xmpDM:name>
                    </rdf:Description>
                  </rdf:li>
                  <rdf:li>
                    <rdf:Description xmpDM:duration="600" xmpDM:startTime="102900" tscDM:valign="bottom" tscDM:halign="center">
                      <xmpDM:name>
                        <rdf:Alt>
                          <rdf:li xml:lang="pt-BR">{\rtf1 e reflita.}</rdf:li>
                        </rdf:Alt>
                      </xmpDM:name>
                    </rdf:Description>
                  </rdf:li>
                  <rdf:li>
                    <rdf:Description xmpDM:duration="500" xmpDM:startTime="103500" tscDM:valign="bottom" tscDM:halign="center">
                      <xmpDM:name>
                        <rdf:Alt>
                          <rdf:li xml:lang="pt-BR">{\rtf1 }</rdf:li>
                        </rdf:Alt>
                      </xmpDM:name>
                    </rdf:Description>
                  </rdf:li>
                  <rdf:li>
                    <rdf:Description xmpDM:duration="1067" xmpDM:startTime="104000" tscDM:valign="bottom" tscDM:halign="center">
                      <xmpDM:name>
                        <rdf:Alt>
                          <rdf:li xml:lang="pt-BR">{\rtf1 Os minerais são}</rdf:li>
                        </rdf:Alt>
                      </xmpDM:name>
                    </rdf:Description>
                  </rdf:li>
                  <rdf:li>
                    <rdf:Description xmpDM:duration="1533" xmpDM:startTime="105067" tscDM:valign="bottom" tscDM:halign="center">
                      <xmpDM:name>
                        <rdf:Alt>
                          <rdf:li xml:lang="pt-BR">{\rtf1 reconhecidos como essenciais}</rdf:li>
                        </rdf:Alt>
                      </xmpDM:name>
                    </rdf:Description>
                  </rdf:li>
                  <rdf:li>
                    <rdf:Description xmpDM:duration="1433" xmpDM:startTime="106600" tscDM:valign="bottom" tscDM:halign="center">
                      <xmpDM:name>
                        <rdf:Alt>
                          <rdf:li xml:lang="pt-BR">{\rtf1 para o funcionamento do organismo}</rdf:li>
                        </rdf:Alt>
                      </xmpDM:name>
                    </rdf:Description>
                  </rdf:li>
                  <rdf:li>
                    <rdf:Description xmpDM:duration="300" xmpDM:startTime="108033" tscDM:valign="bottom" tscDM:halign="center">
                      <xmpDM:name>
                        <rdf:Alt>
                          <rdf:li xml:lang="pt-BR">{\rtf1 }</rdf:li>
                        </rdf:Alt>
                      </xmpDM:name>
                    </rdf:Description>
                  </rdf:li>
                  <rdf:li>
                    <rdf:Description xmpDM:duration="1100" xmpDM:startTime="108333" tscDM:valign="bottom" tscDM:halign="center">
                      <xmpDM:name>
                        <rdf:Alt>
                          <rdf:li xml:lang="pt-BR">{\rtf1 e podem ser divididos}</rdf:li>
                        </rdf:Alt>
                      </xmpDM:name>
                    </rdf:Description>
                  </rdf:li>
                  <rdf:li>
                    <rdf:Description xmpDM:duration="1033" xmpDM:startTime="109433" tscDM:valign="bottom" tscDM:halign="center">
                      <xmpDM:name>
                        <rdf:Alt>
                          <rdf:li xml:lang="pt-BR">{\rtf1 em macro e micro,}</rdf:li>
                        </rdf:Alt>
                      </xmpDM:name>
                    </rdf:Description>
                  </rdf:li>
                  <rdf:li>
                    <rdf:Description xmpDM:duration="267" xmpDM:startTime="110467" tscDM:valign="bottom" tscDM:halign="center">
                      <xmpDM:name>
                        <rdf:Alt>
                          <rdf:li xml:lang="pt-BR">{\rtf1 }</rdf:li>
                        </rdf:Alt>
                      </xmpDM:name>
                    </rdf:Description>
                  </rdf:li>
                  <rdf:li>
                    <rdf:Description xmpDM:duration="1367" xmpDM:startTime="110733" tscDM:valign="bottom" tscDM:halign="center">
                      <xmpDM:name>
                        <rdf:Alt>
                          <rdf:li xml:lang="pt-BR">{\rtf1 de acordo com a necessidade.}</rdf:li>
                        </rdf:Alt>
                      </xmpDM:name>
                    </rdf:Description>
                  </rdf:li>
                  <rdf:li>
                    <rdf:Description xmpDM:duration="467" xmpDM:startTime="112100" tscDM:valign="bottom" tscDM:halign="center">
                      <xmpDM:name>
                        <rdf:Alt>
                          <rdf:li xml:lang="pt-BR">{\rtf1 }</rdf:li>
                        </rdf:Alt>
                      </xmpDM:name>
                    </rdf:Description>
                  </rdf:li>
                  <rdf:li>
                    <rdf:Description xmpDM:duration="5167" xmpDM:startTime="112567" tscDM:valign="bottom" tscDM:halign="center">
                      <xmpDM:name>
                        <rdf:Alt>
                          <rdf:li xml:lang="pt-BR">{\rtf1 Macrominerais devem ser ingeridos em quantidades superiores a 100 mg dia,}</rdf:li>
                        </rdf:Alt>
                      </xmpDM:name>
                    </rdf:Description>
                  </rdf:li>
                  <rdf:li>
                    <rdf:Description xmpDM:duration="2733" xmpDM:startTime="117733" tscDM:valign="bottom" tscDM:halign="center">
                      <xmpDM:name>
                        <rdf:Alt>
                          <rdf:li xml:lang="pt-BR">{\rtf1 enquanto os microminerais ou elementos traço}</rdf:li>
                        </rdf:Alt>
                      </xmpDM:name>
                    </rdf:Description>
                  </rdf:li>
                  <rdf:li>
                    <rdf:Description xmpDM:duration="300" xmpDM:startTime="120467" tscDM:valign="bottom" tscDM:halign="center">
                      <xmpDM:name>
                        <rdf:Alt>
                          <rdf:li xml:lang="pt-BR">{\rtf1 }</rdf:li>
                        </rdf:Alt>
                      </xmpDM:name>
                    </rdf:Description>
                  </rdf:li>
                  <rdf:li>
                    <rdf:Description xmpDM:duration="2167" xmpDM:startTime="120767" tscDM:valign="bottom" tscDM:halign="center">
                      <xmpDM:name>
                        <rdf:Alt>
                          <rdf:li xml:lang="pt-BR">{\rtf1 em quantidades inferiores a esse valor.}</rdf:li>
                        </rdf:Alt>
                      </xmpDM:name>
                    </rdf:Description>
                  </rdf:li>
                  <rdf:li>
                    <rdf:Description xmpDM:duration="633" xmpDM:startTime="122933" tscDM:valign="bottom" tscDM:halign="center">
                      <xmpDM:name>
                        <rdf:Alt>
                          <rdf:li xml:lang="pt-BR">{\rtf1 }</rdf:li>
                        </rdf:Alt>
                      </xmpDM:name>
                    </rdf:Description>
                  </rdf:li>
                  <rdf:li>
                    <rdf:Description xmpDM:duration="1900" xmpDM:startTime="123567" tscDM:valign="bottom" tscDM:halign="center">
                      <xmpDM:name>
                        <rdf:Alt>
                          <rdf:li xml:lang="pt-BR">{\rtf1 Assim como as vitaminas, os minerais}</rdf:li>
                        </rdf:Alt>
                      </xmpDM:name>
                    </rdf:Description>
                  </rdf:li>
                  <rdf:li>
                    <rdf:Description xmpDM:duration="100" xmpDM:startTime="125467" tscDM:valign="bottom" tscDM:halign="center">
                      <xmpDM:name>
                        <rdf:Alt>
                          <rdf:li xml:lang="pt-BR">{\rtf1 }</rdf:li>
                        </rdf:Alt>
                      </xmpDM:name>
                    </rdf:Description>
                  </rdf:li>
                  <rdf:li>
                    <rdf:Description xmpDM:duration="2333" xmpDM:startTime="125567" tscDM:valign="bottom" tscDM:halign="center">
                      <xmpDM:name>
                        <rdf:Alt>
                          <rdf:li xml:lang="pt-BR">{\rtf1 não apresentam características energéticas,}</rdf:li>
                        </rdf:Alt>
                      </xmpDM:name>
                    </rdf:Description>
                  </rdf:li>
                  <rdf:li>
                    <rdf:Description xmpDM:duration="267" xmpDM:startTime="127900" tscDM:valign="bottom" tscDM:halign="center">
                      <xmpDM:name>
                        <rdf:Alt>
                          <rdf:li xml:lang="pt-BR">{\rtf1 }</rdf:li>
                        </rdf:Alt>
                      </xmpDM:name>
                    </rdf:Description>
                  </rdf:li>
                  <rdf:li>
                    <rdf:Description xmpDM:duration="2067" xmpDM:startTime="128167" tscDM:valign="bottom" tscDM:halign="center">
                      <xmpDM:name>
                        <rdf:Alt>
                          <rdf:li xml:lang="pt-BR">{\rtf1 mas sim uma variedade de funções}</rdf:li>
                        </rdf:Alt>
                      </xmpDM:name>
                    </rdf:Description>
                  </rdf:li>
                  <rdf:li>
                    <rdf:Description xmpDM:duration="2900" xmpDM:startTime="130233" tscDM:valign="bottom" tscDM:halign="center">
                      <xmpDM:name>
                        <rdf:Alt>
                          <rdf:li xml:lang="pt-BR">{\rtf1 como regulação do metabolismo ácido-base,}</rdf:li>
                        </rdf:Alt>
                      </xmpDM:name>
                    </rdf:Description>
                  </rdf:li>
                  <rdf:li>
                    <rdf:Description xmpDM:duration="367" xmpDM:startTime="133133" tscDM:valign="bottom" tscDM:halign="center">
                      <xmpDM:name>
                        <rdf:Alt>
                          <rdf:li xml:lang="pt-BR">{\rtf1 }</rdf:li>
                        </rdf:Alt>
                      </xmpDM:name>
                    </rdf:Description>
                  </rdf:li>
                  <rdf:li>
                    <rdf:Description xmpDM:duration="1900" xmpDM:startTime="133500" tscDM:valign="bottom" tscDM:halign="center">
                      <xmpDM:name>
                        <rdf:Alt>
                          <rdf:li xml:lang="pt-BR">{\rtf1 regulação da atividade enzimática}</rdf:li>
                        </rdf:Alt>
                      </xmpDM:name>
                    </rdf:Description>
                  </rdf:li>
                  <rdf:li>
                    <rdf:Description xmpDM:duration="1900" xmpDM:startTime="135400" tscDM:valign="bottom" tscDM:halign="center">
                      <xmpDM:name>
                        <rdf:Alt>
                          <rdf:li xml:lang="pt-BR">{\rtf1 e composição de tecidos orgânicos}</rdf:li>
                        </rdf:Alt>
                      </xmpDM:name>
                    </rdf:Description>
                  </rdf:li>
                  <rdf:li>
                    <rdf:Description xmpDM:duration="300" xmpDM:startTime="137300" tscDM:valign="bottom" tscDM:halign="center">
                      <xmpDM:name>
                        <rdf:Alt>
                          <rdf:li xml:lang="pt-BR">{\rtf1 }</rdf:li>
                        </rdf:Alt>
                      </xmpDM:name>
                    </rdf:Description>
                  </rdf:li>
                  <rdf:li>
                    <rdf:Description xmpDM:duration="3233" xmpDM:startTime="137600" tscDM:valign="bottom" tscDM:halign="center">
                      <xmpDM:name>
                        <rdf:Alt>
                          <rdf:li xml:lang="pt-BR">{\rtf1 e de outras substâncias como enzimas, hormônios e secreções.}</rdf:li>
                        </rdf:Alt>
                      </xmpDM:name>
                    </rdf:Description>
                  </rdf:li>
                  <rdf:li>
                    <rdf:Description xmpDM:duration="600" xmpDM:startTime="140833" tscDM:valign="bottom" tscDM:halign="center">
                      <xmpDM:name>
                        <rdf:Alt>
                          <rdf:li xml:lang="pt-BR">{\rtf1 }</rdf:li>
                        </rdf:Alt>
                      </xmpDM:name>
                    </rdf:Description>
                  </rdf:li>
                  <rdf:li>
                    <rdf:Description xmpDM:duration="2100" xmpDM:startTime="141433" tscDM:valign="bottom" tscDM:halign="center">
                      <xmpDM:name>
                        <rdf:Alt>
                          <rdf:li xml:lang="pt-BR">{\rtf1 Para se aprofundar clique no ícone em tela.}</rdf:li>
                        </rdf:Alt>
                      </xmpDM:name>
                    </rdf:Description>
                  </rdf:li>
                  <rdf:li>
                    <rdf:Description xmpDM:duration="633" xmpDM:startTime="143533" tscDM:valign="bottom" tscDM:halign="center">
                      <xmpDM:name>
                        <rdf:Alt>
                          <rdf:li xml:lang="pt-BR">{\rtf1 }</rdf:li>
                        </rdf:Alt>
                      </xmpDM:name>
                    </rdf:Description>
                  </rdf:li>
                  <rdf:li>
                    <rdf:Description xmpDM:duration="3000" xmpDM:startTime="144167" tscDM:valign="bottom" tscDM:halign="center">
                      <xmpDM:name>
                        <rdf:Alt>
                          <rdf:li xml:lang="pt-BR">{\rtf1 Alguns alimentos fornecem além da nutrição básica}</rdf:li>
                        </rdf:Alt>
                      </xmpDM:name>
                    </rdf:Description>
                  </rdf:li>
                  <rdf:li>
                    <rdf:Description xmpDM:duration="267" xmpDM:startTime="147167" tscDM:valign="bottom" tscDM:halign="center">
                      <xmpDM:name>
                        <rdf:Alt>
                          <rdf:li xml:lang="pt-BR">{\rtf1 }</rdf:li>
                        </rdf:Alt>
                      </xmpDM:name>
                    </rdf:Description>
                  </rdf:li>
                  <rdf:li>
                    <rdf:Description xmpDM:duration="1433" xmpDM:startTime="147433" tscDM:valign="bottom" tscDM:halign="center">
                      <xmpDM:name>
                        <rdf:Alt>
                          <rdf:li xml:lang="pt-BR">{\rtf1 e geram benefícios à saúde}</rdf:li>
                        </rdf:Alt>
                      </xmpDM:name>
                    </rdf:Description>
                  </rdf:li>
                  <rdf:li>
                    <rdf:Description xmpDM:duration="133" xmpDM:startTime="148867" tscDM:valign="bottom" tscDM:halign="center">
                      <xmpDM:name>
                        <rdf:Alt>
                          <rdf:li xml:lang="pt-BR">{\rtf1 }</rdf:li>
                        </rdf:Alt>
                      </xmpDM:name>
                    </rdf:Description>
                  </rdf:li>
                  <rdf:li>
                    <rdf:Description xmpDM:duration="1933" xmpDM:startTime="149000" tscDM:valign="bottom" tscDM:halign="center">
                      <xmpDM:name>
                        <rdf:Alt>
                          <rdf:li xml:lang="pt-BR">{\rtf1 por meio de compostos bioativos.}</rdf:li>
                        </rdf:Alt>
                      </xmpDM:name>
                    </rdf:Description>
                  </rdf:li>
                  <rdf:li>
                    <rdf:Description xmpDM:duration="500" xmpDM:startTime="150933" tscDM:valign="bottom" tscDM:halign="center">
                      <xmpDM:name>
                        <rdf:Alt>
                          <rdf:li xml:lang="pt-BR">{\rtf1 }</rdf:li>
                        </rdf:Alt>
                      </xmpDM:name>
                    </rdf:Description>
                  </rdf:li>
                  <rdf:li>
                    <rdf:Description xmpDM:duration="2233" xmpDM:startTime="151433" tscDM:valign="bottom" tscDM:halign="center">
                      <xmpDM:name>
                        <rdf:Alt>
                          <rdf:li xml:lang="pt-BR">{\rtf1 Enquanto os nutrientes são essenciais}</rdf:li>
                        </rdf:Alt>
                      </xmpDM:name>
                    </rdf:Description>
                  </rdf:li>
                  <rdf:li>
                    <rdf:Description xmpDM:duration="1733" xmpDM:startTime="153667" tscDM:valign="bottom" tscDM:halign="center">
                      <xmpDM:name>
                        <rdf:Alt>
                          <rdf:li xml:lang="pt-BR">{\rtf1 para a sustentabilidade de um corpo,}</rdf:li>
                        </rdf:Alt>
                      </xmpDM:name>
                    </rdf:Description>
                  </rdf:li>
                  <rdf:li>
                    <rdf:Description xmpDM:duration="333" xmpDM:startTime="155400" tscDM:valign="bottom" tscDM:halign="center">
                      <xmpDM:name>
                        <rdf:Alt>
                          <rdf:li xml:lang="pt-BR">{\rtf1 }</rdf:li>
                        </rdf:Alt>
                      </xmpDM:name>
                    </rdf:Description>
                  </rdf:li>
                  <rdf:li>
                    <rdf:Description xmpDM:duration="2767" xmpDM:startTime="155733" tscDM:valign="bottom" tscDM:halign="center">
                      <xmpDM:name>
                        <rdf:Alt>
                          <rdf:li xml:lang="pt-BR">{\rtf1 os compostos bioativos não são essenciais.}</rdf:li>
                        </rdf:Alt>
                      </xmpDM:name>
                    </rdf:Description>
                  </rdf:li>
                  <rdf:li>
                    <rdf:Description xmpDM:duration="533" xmpDM:startTime="158500" tscDM:valign="bottom" tscDM:halign="center">
                      <xmpDM:name>
                        <rdf:Alt>
                          <rdf:li xml:lang="pt-BR">{\rtf1 }</rdf:li>
                        </rdf:Alt>
                      </xmpDM:name>
                    </rdf:Description>
                  </rdf:li>
                  <rdf:li>
                    <rdf:Description xmpDM:duration="2433" xmpDM:startTime="159033" tscDM:valign="bottom" tscDM:halign="center">
                      <xmpDM:name>
                        <rdf:Alt>
                          <rdf:li xml:lang="pt-BR">{\rtf1 No entanto, quando presentes e consumidos,}</rdf:li>
                        </rdf:Alt>
                      </xmpDM:name>
                    </rdf:Description>
                  </rdf:li>
                  <rdf:li>
                    <rdf:Description xmpDM:duration="200" xmpDM:startTime="161467" tscDM:valign="bottom" tscDM:halign="center">
                      <xmpDM:name>
                        <rdf:Alt>
                          <rdf:li xml:lang="pt-BR">{\rtf1 }</rdf:li>
                        </rdf:Alt>
                      </xmpDM:name>
                    </rdf:Description>
                  </rdf:li>
                  <rdf:li>
                    <rdf:Description xmpDM:duration="1567" xmpDM:startTime="161667" tscDM:valign="bottom" tscDM:halign="center">
                      <xmpDM:name>
                        <rdf:Alt>
                          <rdf:li xml:lang="pt-BR">{\rtf1 promovem benefícios à saúde.}</rdf:li>
                        </rdf:Alt>
                      </xmpDM:name>
                    </rdf:Description>
                  </rdf:li>
                  <rdf:li>
                    <rdf:Description xmpDM:duration="433" xmpDM:startTime="163233" tscDM:valign="bottom" tscDM:halign="center">
                      <xmpDM:name>
                        <rdf:Alt>
                          <rdf:li xml:lang="pt-BR">{\rtf1 }</rdf:li>
                        </rdf:Alt>
                      </xmpDM:name>
                    </rdf:Description>
                  </rdf:li>
                  <rdf:li>
                    <rdf:Description xmpDM:duration="1767" xmpDM:startTime="163667" tscDM:valign="bottom" tscDM:halign="center">
                      <xmpDM:name>
                        <rdf:Alt>
                          <rdf:li xml:lang="pt-BR">{\rtf1 Algumas substâncias ou alimentos}</rdf:li>
                        </rdf:Alt>
                      </xmpDM:name>
                    </rdf:Description>
                  </rdf:li>
                  <rdf:li>
                    <rdf:Description xmpDM:duration="1833" xmpDM:startTime="165433" tscDM:valign="bottom" tscDM:halign="center">
                      <xmpDM:name>
                        <rdf:Alt>
                          <rdf:li xml:lang="pt-BR">{\rtf1 que possuem propriedades funcionais e}</rdf:li>
                        </rdf:Alt>
                      </xmpDM:name>
                    </rdf:Description>
                  </rdf:li>
                  <rdf:li>
                    <rdf:Description xmpDM:duration="1400" xmpDM:startTime="167267" tscDM:valign="bottom" tscDM:halign="center">
                      <xmpDM:name>
                        <rdf:Alt>
                          <rdf:li xml:lang="pt-BR">{\rtf1 alegações comprovadas são}</rdf:li>
                        </rdf:Alt>
                      </xmpDM:name>
                    </rdf:Description>
                  </rdf:li>
                  <rdf:li>
                    <rdf:Description xmpDM:duration="3367" xmpDM:startTime="168667" tscDM:valign="bottom" tscDM:halign="center">
                      <xmpDM:name>
                        <rdf:Alt>
                          <rdf:li xml:lang="pt-BR">{\rtf1 polifenóis, fitoestrógenos,}</rdf:li>
                        </rdf:Alt>
                      </xmpDM:name>
                    </rdf:Description>
                  </rdf:li>
                  <rdf:li>
                    <rdf:Description xmpDM:duration="2567" xmpDM:startTime="172033" tscDM:valign="bottom" tscDM:halign="center">
                      <xmpDM:name>
                        <rdf:Alt>
                          <rdf:li xml:lang="pt-BR">{\rtf1 carotenoides, ácidos graxos,}</rdf:li>
                        </rdf:Alt>
                      </xmpDM:name>
                    </rdf:Description>
                  </rdf:li>
                  <rdf:li>
                    <rdf:Description xmpDM:duration="2500" xmpDM:startTime="174600" tscDM:valign="bottom" tscDM:halign="center">
                      <xmpDM:name>
                        <rdf:Alt>
                          <rdf:li xml:lang="pt-BR">{\rtf1 fibras dietéticas e probióticos.}</rdf:li>
                        </rdf:Alt>
                      </xmpDM:name>
                    </rdf:Description>
                  </rdf:li>
                  <rdf:li>
                    <rdf:Description xmpDM:duration="400" xmpDM:startTime="177100" tscDM:valign="bottom" tscDM:halign="center">
                      <xmpDM:name>
                        <rdf:Alt>
                          <rdf:li xml:lang="pt-BR">{\rtf1 }</rdf:li>
                        </rdf:Alt>
                      </xmpDM:name>
                    </rdf:Description>
                  </rdf:li>
                  <rdf:li>
                    <rdf:Description xmpDM:duration="767" xmpDM:startTime="177500" tscDM:valign="bottom" tscDM:halign="center">
                      <xmpDM:name>
                        <rdf:Alt>
                          <rdf:li xml:lang="pt-BR">{\rtf1 Quer saber mais?}</rdf:li>
                        </rdf:Alt>
                      </xmpDM:name>
                    </rdf:Description>
                  </rdf:li>
                  <rdf:li>
                    <rdf:Description xmpDM:duration="167" xmpDM:startTime="178267" tscDM:valign="bottom" tscDM:halign="center">
                      <xmpDM:name>
                        <rdf:Alt>
                          <rdf:li xml:lang="pt-BR">{\rtf1 }</rdf:li>
                        </rdf:Alt>
                      </xmpDM:name>
                    </rdf:Description>
                  </rdf:li>
                  <rdf:li>
                    <rdf:Description xmpDM:duration="1167" xmpDM:startTime="178433" tscDM:valign="bottom" tscDM:halign="center">
                      <xmpDM:name>
                        <rdf:Alt>
                          <rdf:li xml:lang="pt-BR">{\rtf1 Clique no ícone em tela.}</rdf:li>
                        </rdf:Alt>
                      </xmpDM:name>
                    </rdf:Description>
                  </rdf:li>
                  <rdf:li>
                    <rdf:Description xmpDM:duration="400" xmpDM:startTime="179600" tscDM:valign="bottom" tscDM:halign="center">
                      <xmpDM:name>
                        <rdf:Alt>
                          <rdf:li xml:lang="pt-BR">{\rtf1 }</rdf:li>
                        </rdf:Alt>
                      </xmpDM:name>
                    </rdf:Description>
                  </rdf:li>
                  <rdf:li>
                    <rdf:Description xmpDM:duration="2600" xmpDM:startTime="180000" tscDM:valign="bottom" tscDM:halign="center">
                      <xmpDM:name>
                        <rdf:Alt>
                          <rdf:li xml:lang="pt-BR">{\rtf1 Os efeitos antioxidantes e anti-inflamatórios}</rdf:li>
                        </rdf:Alt>
                      </xmpDM:name>
                    </rdf:Description>
                  </rdf:li>
                  <rdf:li>
                    <rdf:Description xmpDM:duration="2400" xmpDM:startTime="182600" tscDM:valign="bottom" tscDM:halign="center">
                      <xmpDM:name>
                        <rdf:Alt>
                          <rdf:li xml:lang="pt-BR">{\rtf1 de compostos bioativos são diversos.}</rdf:li>
                        </rdf:Alt>
                      </xmpDM:name>
                    </rdf:Description>
                  </rdf:li>
                  <rdf:li>
                    <rdf:Description xmpDM:duration="367" xmpDM:startTime="185000" tscDM:valign="bottom" tscDM:halign="center">
                      <xmpDM:name>
                        <rdf:Alt>
                          <rdf:li xml:lang="pt-BR">{\rtf1 }</rdf:li>
                        </rdf:Alt>
                      </xmpDM:name>
                    </rdf:Description>
                  </rdf:li>
                  <rdf:li>
                    <rdf:Description xmpDM:duration="1000" xmpDM:startTime="185367" tscDM:valign="bottom" tscDM:halign="center">
                      <xmpDM:name>
                        <rdf:Alt>
                          <rdf:li xml:lang="pt-BR">{\rtf1 Vamos citar alguns.}</rdf:li>
                        </rdf:Alt>
                      </xmpDM:name>
                    </rdf:Description>
                  </rdf:li>
                  <rdf:li>
                    <rdf:Description xmpDM:duration="500" xmpDM:startTime="186367" tscDM:valign="bottom" tscDM:halign="center">
                      <xmpDM:name>
                        <rdf:Alt>
                          <rdf:li xml:lang="pt-BR">{\rtf1 }</rdf:li>
                        </rdf:Alt>
                      </xmpDM:name>
                    </rdf:Description>
                  </rdf:li>
                  <rdf:li>
                    <rdf:Description xmpDM:duration="2533" xmpDM:startTime="186867" tscDM:valign="bottom" tscDM:halign="center">
                      <xmpDM:name>
                        <rdf:Alt>
                          <rdf:li xml:lang="pt-BR">{\rtf1 Os polifenóis agem na prevenção de doenças}</rdf:li>
                        </rdf:Alt>
                      </xmpDM:name>
                    </rdf:Description>
                  </rdf:li>
                  <rdf:li>
                    <rdf:Description xmpDM:duration="3433" xmpDM:startTime="189400" tscDM:valign="bottom" tscDM:halign="center">
                      <xmpDM:name>
                        <rdf:Alt>
                          <rdf:li xml:lang="pt-BR">{\rtf1 cardiovasculares, neurodegenerativas e câncer}</rdf:li>
                        </rdf:Alt>
                      </xmpDM:name>
                    </rdf:Description>
                  </rdf:li>
                  <rdf:li>
                    <rdf:Description xmpDM:duration="333" xmpDM:startTime="192833" tscDM:valign="bottom" tscDM:halign="center">
                      <xmpDM:name>
                        <rdf:Alt>
                          <rdf:li xml:lang="pt-BR">{\rtf1 }</rdf:li>
                        </rdf:Alt>
                      </xmpDM:name>
                    </rdf:Description>
                  </rdf:li>
                  <rdf:li>
                    <rdf:Description xmpDM:duration="1867" xmpDM:startTime="193167" tscDM:valign="bottom" tscDM:halign="center">
                      <xmpDM:name>
                        <rdf:Alt>
                          <rdf:li xml:lang="pt-BR">{\rtf1 e possuem papel na longevidade.}</rdf:li>
                        </rdf:Alt>
                      </xmpDM:name>
                    </rdf:Description>
                  </rdf:li>
                  <rdf:li>
                    <rdf:Description xmpDM:duration="633" xmpDM:startTime="195033" tscDM:valign="bottom" tscDM:halign="center">
                      <xmpDM:name>
                        <rdf:Alt>
                          <rdf:li xml:lang="pt-BR">{\rtf1 }</rdf:li>
                        </rdf:Alt>
                      </xmpDM:name>
                    </rdf:Description>
                  </rdf:li>
                  <rdf:li>
                    <rdf:Description xmpDM:duration="2100" xmpDM:startTime="195667" tscDM:valign="bottom" tscDM:halign="center">
                      <xmpDM:name>
                        <rdf:Alt>
                          <rdf:li xml:lang="pt-BR">{\rtf1 Os fitoestrógenos possuem ação}</rdf:li>
                        </rdf:Alt>
                      </xmpDM:name>
                    </rdf:Description>
                  </rdf:li>
                  <rdf:li>
                    <rdf:Description xmpDM:duration="3567" xmpDM:startTime="197767" tscDM:valign="bottom" tscDM:halign="center">
                      <xmpDM:name>
                        <rdf:Alt>
                          <rdf:li xml:lang="pt-BR">{\rtf1 antioxidante, vasodilatadora e anti-inflamatória.}</rdf:li>
                        </rdf:Alt>
                      </xmpDM:name>
                    </rdf:Description>
                  </rdf:li>
                  <rdf:li>
                    <rdf:Description xmpDM:duration="667" xmpDM:startTime="201333" tscDM:valign="bottom" tscDM:halign="center">
                      <xmpDM:name>
                        <rdf:Alt>
                          <rdf:li xml:lang="pt-BR">{\rtf1 }</rdf:li>
                        </rdf:Alt>
                      </xmpDM:name>
                    </rdf:Description>
                  </rdf:li>
                  <rdf:li>
                    <rdf:Description xmpDM:duration="3233" xmpDM:startTime="202000" tscDM:valign="bottom" tscDM:halign="center">
                      <xmpDM:name>
                        <rdf:Alt>
                          <rdf:li xml:lang="pt-BR">{\rtf1 Os carotenoides apresentam atividade pró-vitamina A,}</rdf:li>
                        </rdf:Alt>
                      </xmpDM:name>
                    </rdf:Description>
                  </rdf:li>
                  <rdf:li>
                    <rdf:Description xmpDM:duration="333" xmpDM:startTime="205233" tscDM:valign="bottom" tscDM:halign="center">
                      <xmpDM:name>
                        <rdf:Alt>
                          <rdf:li xml:lang="pt-BR">{\rtf1 }</rdf:li>
                        </rdf:Alt>
                      </xmpDM:name>
                    </rdf:Description>
                  </rdf:li>
                  <rdf:li>
                    <rdf:Description xmpDM:duration="2267" xmpDM:startTime="205567" tscDM:valign="bottom" tscDM:halign="center">
                      <xmpDM:name>
                        <rdf:Alt>
                          <rdf:li xml:lang="pt-BR">{\rtf1 podendo ser convertidos em retinol.}</rdf:li>
                        </rdf:Alt>
                      </xmpDM:name>
                    </rdf:Description>
                  </rdf:li>
                  <rdf:li>
                    <rdf:Description xmpDM:duration="600" xmpDM:startTime="207833" tscDM:valign="bottom" tscDM:halign="center">
                      <xmpDM:name>
                        <rdf:Alt>
                          <rdf:li xml:lang="pt-BR">{\rtf1 }</rdf:li>
                        </rdf:Alt>
                      </xmpDM:name>
                    </rdf:Description>
                  </rdf:li>
                  <rdf:li>
                    <rdf:Description xmpDM:duration="1867" xmpDM:startTime="208433" tscDM:valign="bottom" tscDM:halign="center">
                      <xmpDM:name>
                        <rdf:Alt>
                          <rdf:li xml:lang="pt-BR">{\rtf1 Eles também têm ação antioxidante,}</rdf:li>
                        </rdf:Alt>
                      </xmpDM:name>
                    </rdf:Description>
                  </rdf:li>
                  <rdf:li>
                    <rdf:Description xmpDM:duration="367" xmpDM:startTime="210300" tscDM:valign="bottom" tscDM:halign="center">
                      <xmpDM:name>
                        <rdf:Alt>
                          <rdf:li xml:lang="pt-BR">{\rtf1 }</rdf:li>
                        </rdf:Alt>
                      </xmpDM:name>
                    </rdf:Description>
                  </rdf:li>
                  <rdf:li>
                    <rdf:Description xmpDM:duration="2567" xmpDM:startTime="210667" tscDM:valign="bottom" tscDM:halign="center">
                      <xmpDM:name>
                        <rdf:Alt>
                          <rdf:li xml:lang="pt-BR">{\rtf1 protegendo as células contra os radicais livres}</rdf:li>
                        </rdf:Alt>
                      </xmpDM:name>
                    </rdf:Description>
                  </rdf:li>
                  <rdf:li>
                    <rdf:Description xmpDM:duration="300" xmpDM:startTime="213233" tscDM:valign="bottom" tscDM:halign="center">
                      <xmpDM:name>
                        <rdf:Alt>
                          <rdf:li xml:lang="pt-BR">{\rtf1 }</rdf:li>
                        </rdf:Alt>
                      </xmpDM:name>
                    </rdf:Description>
                  </rdf:li>
                  <rdf:li>
                    <rdf:Description xmpDM:duration="1733" xmpDM:startTime="213533" tscDM:valign="bottom" tscDM:halign="center">
                      <xmpDM:name>
                        <rdf:Alt>
                          <rdf:li xml:lang="pt-BR">{\rtf1 e têm efeito anticarcinogênico.}</rdf:li>
                        </rdf:Alt>
                      </xmpDM:name>
                    </rdf:Description>
                  </rdf:li>
                  <rdf:li>
                    <rdf:Description xmpDM:duration="567" xmpDM:startTime="215267" tscDM:valign="bottom" tscDM:halign="center">
                      <xmpDM:name>
                        <rdf:Alt>
                          <rdf:li xml:lang="pt-BR">{\rtf1 }</rdf:li>
                        </rdf:Alt>
                      </xmpDM:name>
                    </rdf:Description>
                  </rdf:li>
                  <rdf:li>
                    <rdf:Description xmpDM:duration="2600" xmpDM:startTime="215833" tscDM:valign="bottom" tscDM:halign="center">
                      <xmpDM:name>
                        <rdf:Alt>
                          <rdf:li xml:lang="pt-BR">{\rtf1 Os ácidos graxos atuam na constituição de membranas,}</rdf:li>
                        </rdf:Alt>
                      </xmpDM:name>
                    </rdf:Description>
                  </rdf:li>
                  <rdf:li>
                    <rdf:Description xmpDM:duration="1933" xmpDM:startTime="218433" tscDM:valign="bottom" tscDM:halign="center">
                      <xmpDM:name>
                        <rdf:Alt>
                          <rdf:li xml:lang="pt-BR">{\rtf1 nos impulsos sinápticos,}</rdf:li>
                        </rdf:Alt>
                      </xmpDM:name>
                    </rdf:Description>
                  </rdf:li>
                  <rdf:li>
                    <rdf:Description xmpDM:duration="300" xmpDM:startTime="220367" tscDM:valign="bottom" tscDM:halign="center">
                      <xmpDM:name>
                        <rdf:Alt>
                          <rdf:li xml:lang="pt-BR">{\rtf1 }</rdf:li>
                        </rdf:Alt>
                      </xmpDM:name>
                    </rdf:Description>
                  </rdf:li>
                  <rdf:li>
                    <rdf:Description xmpDM:duration="1900" xmpDM:startTime="220667" tscDM:valign="bottom" tscDM:halign="center">
                      <xmpDM:name>
                        <rdf:Alt>
                          <rdf:li xml:lang="pt-BR">{\rtf1 no controle do sistema imunológico}</rdf:li>
                        </rdf:Alt>
                      </xmpDM:name>
                    </rdf:Description>
                  </rdf:li>
                  <rdf:li>
                    <rdf:Description xmpDM:duration="1433" xmpDM:startTime="222567" tscDM:valign="bottom" tscDM:halign="center">
                      <xmpDM:name>
                        <rdf:Alt>
                          <rdf:li xml:lang="pt-BR">{\rtf1 e na coagulação sanguínea.}</rdf:li>
                        </rdf:Alt>
                      </xmpDM:name>
                    </rdf:Description>
                  </rdf:li>
                  <rdf:li>
                    <rdf:Description xmpDM:duration="700" xmpDM:startTime="224000" tscDM:valign="bottom" tscDM:halign="center">
                      <xmpDM:name>
                        <rdf:Alt>
                          <rdf:li xml:lang="pt-BR">{\rtf1 }</rdf:li>
                        </rdf:Alt>
                      </xmpDM:name>
                    </rdf:Description>
                  </rdf:li>
                  <rdf:li>
                    <rdf:Description xmpDM:duration="2633" xmpDM:startTime="224700" tscDM:valign="bottom" tscDM:halign="center">
                      <xmpDM:name>
                        <rdf:Alt>
                          <rdf:li xml:lang="pt-BR">{\rtf1 As fibras dietéticas estão relacionadas à}</rdf:li>
                        </rdf:Alt>
                      </xmpDM:name>
                    </rdf:Description>
                  </rdf:li>
                  <rdf:li>
                    <rdf:Description xmpDM:duration="1667" xmpDM:startTime="227333" tscDM:valign="bottom" tscDM:halign="center">
                      <xmpDM:name>
                        <rdf:Alt>
                          <rdf:li xml:lang="pt-BR">{\rtf1 redução do risco cardiovascular,}</rdf:li>
                        </rdf:Alt>
                      </xmpDM:name>
                    </rdf:Description>
                  </rdf:li>
                  <rdf:li>
                    <rdf:Description xmpDM:duration="367" xmpDM:startTime="229000" tscDM:valign="bottom" tscDM:halign="center">
                      <xmpDM:name>
                        <rdf:Alt>
                          <rdf:li xml:lang="pt-BR">{\rtf1 }</rdf:li>
                        </rdf:Alt>
                      </xmpDM:name>
                    </rdf:Description>
                  </rdf:li>
                  <rdf:li>
                    <rdf:Description xmpDM:duration="1867" xmpDM:startTime="229367" tscDM:valign="bottom" tscDM:halign="center">
                      <xmpDM:name>
                        <rdf:Alt>
                          <rdf:li xml:lang="pt-BR">{\rtf1 à melhora do controle glicêmico}</rdf:li>
                        </rdf:Alt>
                      </xmpDM:name>
                    </rdf:Description>
                  </rdf:li>
                  <rdf:li>
                    <rdf:Description xmpDM:duration="333" xmpDM:startTime="231233" tscDM:valign="bottom" tscDM:halign="center">
                      <xmpDM:name>
                        <rdf:Alt>
                          <rdf:li xml:lang="pt-BR">{\rtf1 }</rdf:li>
                        </rdf:Alt>
                      </xmpDM:name>
                    </rdf:Description>
                  </rdf:li>
                  <rdf:li>
                    <rdf:Description xmpDM:duration="2067" xmpDM:startTime="231567" tscDM:valign="bottom" tscDM:halign="center">
                      <xmpDM:name>
                        <rdf:Alt>
                          <rdf:li xml:lang="pt-BR">{\rtf1 e à melhora de funções digestivas.}</rdf:li>
                        </rdf:Alt>
                      </xmpDM:name>
                    </rdf:Description>
                  </rdf:li>
                  <rdf:li>
                    <rdf:Description xmpDM:duration="433" xmpDM:startTime="233633" tscDM:valign="bottom" tscDM:halign="center">
                      <xmpDM:name>
                        <rdf:Alt>
                          <rdf:li xml:lang="pt-BR">{\rtf1 }</rdf:li>
                        </rdf:Alt>
                      </xmpDM:name>
                    </rdf:Description>
                  </rdf:li>
                  <rdf:li>
                    <rdf:Description xmpDM:duration="3400" xmpDM:startTime="234067" tscDM:valign="bottom" tscDM:halign="center">
                      <xmpDM:name>
                        <rdf:Alt>
                          <rdf:li xml:lang="pt-BR">{\rtf1 E os probióticos melhoram o equilíbrio microbiano intestinal.}</rdf:li>
                        </rdf:Alt>
                      </xmpDM:name>
                    </rdf:Description>
                  </rdf:li>
                  <rdf:li>
                    <rdf:Description xmpDM:duration="300" xmpDM:startTime="237467" tscDM:valign="bottom" tscDM:halign="center">
                      <xmpDM:name>
                        <rdf:Alt>
                          <rdf:li xml:lang="pt-BR">{\rtf1 }</rdf:li>
                        </rdf:Alt>
                      </xmpDM:name>
                    </rdf:Description>
                  </rdf:li>
                  <rdf:li>
                    <rdf:Description xmpDM:duration="767" xmpDM:startTime="237767" tscDM:valign="bottom" tscDM:halign="center">
                      <xmpDM:name>
                        <rdf:Alt>
                          <rdf:li xml:lang="pt-BR">{\rtf1 E agora, para}</rdf:li>
                        </rdf:Alt>
                      </xmpDM:name>
                    </rdf:Description>
                  </rdf:li>
                  <rdf:li>
                    <rdf:Description xmpDM:duration="1233" xmpDM:startTime="238533" tscDM:valign="bottom" tscDM:halign="center">
                      <xmpDM:name>
                        <rdf:Alt>
                          <rdf:li xml:lang="pt-BR">{\rtf1 testar seus conhecimentos,}</rdf:li>
                        </rdf:Alt>
                      </xmpDM:name>
                    </rdf:Description>
                  </rdf:li>
                  <rdf:li>
                    <rdf:Description xmpDM:duration="133" xmpDM:startTime="239767" tscDM:valign="bottom" tscDM:halign="center">
                      <xmpDM:name>
                        <rdf:Alt>
                          <rdf:li xml:lang="pt-BR">{\rtf1 }</rdf:li>
                        </rdf:Alt>
                      </xmpDM:name>
                    </rdf:Description>
                  </rdf:li>
                  <rdf:li>
                    <rdf:Description xmpDM:duration="900" xmpDM:startTime="239900" tscDM:valign="bottom" tscDM:halign="center">
                      <xmpDM:name>
                        <rdf:Alt>
                          <rdf:li xml:lang="pt-BR">{\rtf1 responda à questão.}</rdf:li>
                        </rdf:Alt>
                      </xmpDM:name>
                    </rdf:Description>
                  </rdf:li>
                  <rdf:li>
                    <rdf:Description xmpDM:duration="600" xmpDM:startTime="240800" tscDM:valign="bottom" tscDM:halign="center">
                      <xmpDM:name>
                        <rdf:Alt>
                          <rdf:li xml:lang="pt-BR">{\rtf1 }</rdf:li>
                        </rdf:Alt>
                      </xmpDM:name>
                    </rdf:Description>
                  </rdf:li>
                  <rdf:li>
                    <rdf:Description xmpDM:duration="733" xmpDM:startTime="241400" tscDM:valign="bottom" tscDM:halign="center">
                      <xmpDM:name>
                        <rdf:Alt>
                          <rdf:li xml:lang="pt-BR">{\rtf1 Ficamos por aqui.}</rdf:li>
                        </rdf:Alt>
                      </xmpDM:name>
                    </rdf:Description>
                  </rdf:li>
                  <rdf:li>
                    <rdf:Description xmpDM:duration="233" xmpDM:startTime="242133" tscDM:valign="bottom" tscDM:halign="center">
                      <xmpDM:name>
                        <rdf:Alt>
                          <rdf:li xml:lang="pt-BR">{\rtf1 }</rdf:li>
                        </rdf:Alt>
                      </xmpDM:name>
                    </rdf:Description>
                  </rdf:li>
                  <rdf:li>
                    <rdf:Description xmpDM:duration="767" xmpDM:startTime="242367" tscDM:valign="bottom" tscDM:halign="center">
                      <xmpDM:name>
                        <rdf:Alt>
                          <rdf:li xml:lang="pt-BR">{\rtf1 Bons estudos!}</rdf:li>
                        </rdf:Alt>
                      </xmpDM:name>
                    </rdf:Description>
                  </rdf:li>
                </rdf:Seq>
              </xmpDM:markers>
              <tsc:fgColor xmpG:red="255" xmpG:green="255" xmpG:blue="255"/>
              <tsc:bgColor xmpG:red="0" xmpG:green="0" xmpG:blue="0"/>
            </rdf:Description>
          </rdf:li>
          <rdf:li>
            <rdf:Description xmpDM:trackType="Hotspot" xmpDM:frameRate="f1000" xmpDM:trackName="Hotspots">
              <xmpDM:markers>
                <rdf:Seq>
                  <rdf:li>
                    <rdf:Description xmpDM:label="1" xmpDM:startTime="51100" xmpDM:duration="3630" tscDM:boundingPoly="29,36;327,36;327,131;29,131;" tscDM:rotate="0.000000" tscHS:pause="0" xmpDM:location="https://bvsms.saude.gov.br/bvs/publicacoes/alimentacao_saudavel.pdf" tscHS:newWindow="1"/>
                  </rdf:li>
                  <rdf:li>
                    <rdf:Description xmpDM:label="2" xmpDM:startTime="102830" xmpDM:duration="2870" tscDM:boundingPoly="29,36;327,36;327,131;29,131;" tscDM:rotate="0.000000" tscHS:pause="0" xmpDM:location="https://blog.verde.ag/pt/nutricao-de-plantas/lixiviacao-de-nutrientes-por-que-o-potassio-possui-o-maior-risco-de-perdas/" tscHS:newWindow="1"/>
                  </rdf:li>
                  <rdf:li>
                    <rdf:Description xmpDM:label="3" xmpDM:startTime="142470" xmpDM:duration="4500" tscDM:boundingPoly="32,37;324,37;324,130;32,130;" tscDM:rotate="0.000000" tscHS:pause="0" xmpDM:location="https://codeagro.agricultura.sp.gov.br/cesans/artigo/197/fatores-" tscHS:newWindow="1"/>
                  </rdf:li>
                  <rdf:li>
                    <rdf:Description xmpDM:label="4" xmpDM:startTime="178700" xmpDM:duration="4770" tscDM:boundingPoly="32,37;324,37;324,130;32,130;" tscDM:rotate="0.000000" tscHS:pause="0" xmpDM:location="https://www.gov.br/agricultura/pt-br/assuntos/inspecao/produtos-vegetal/legislacao-1/biblioteca-de-normas-vinhos-e-bebidas/alegacoes-de-propriedade-funcional-aprovadas_anvisa.pdf/view" tscHS:newWindow="1"/>
                  </rdf:li>
                </rdf:Seq>
              </xmpDM:markers>
            </rdf:Description>
          </rdf:li>
          <rdf:li>
            <rdf:Description xmpDM:trackType="TableOfContents" xmpDM:frameRate="f1000" xmpDM:trackName="Table of Contents">
              <xmpDM:markers>
                <rdf:Seq>
                  <rdf:li>
                    <rdf:Description xmpDM:name="Introdução" xmpDM:startTime="0" tscDM:image="video_Thumbnails.png" tscDM:imageindex="0" tscDM:imageoffset="0" tscDM:imagerect="0, 0, 75, 42"/>
                  </rdf:li>
                  <rdf:li>
                    <rdf:Description xmpDM:name=" " xmpDM:startTime="50100" tscDM:image="video_Thumbnails.png" tscDM:imageindex="1" tscDM:imageoffset="0" tscDM:imagerect="75, 0, 75, 42"/>
                  </rdf:li>
                  <rdf:li>
                    <rdf:Description xmpDM:name="Marcador sem título" xmpDM:startTime="101833" tscDM:image="video_Thumbnails.png" tscDM:imageindex="2" tscDM:imageoffset="0" tscDM:imagerect="150, 0, 75, 42"/>
                  </rdf:li>
                  <rdf:li>
                    <rdf:Description xmpDM:name="Marcador sem título" xmpDM:startTime="141467" tscDM:image="video_Thumbnails.png" tscDM:imageindex="3" tscDM:imageoffset="0" tscDM:imagerect="225, 0, 75, 42"/>
                  </rdf:li>
                  <rdf:li>
                    <rdf:Description xmpDM:name="Marcador sem título" xmpDM:startTime="177700" tscDM:image="video_Thumbnails.png" tscDM:imageindex="4" tscDM:imageoffset="0" tscDM:imagerect="300, 0, 75, 42"/>
                  </rdf:li>
                </rdf:Seq>
              </xmpDM:markers>
            </rdf:Description>
          </rdf:li>
          <rdf:li>
            <rdf:Description xmpDM:trackType="Quiz" xmpDM:frameRate="f1000" xmpDM:trackName="Quiz" tscIQ:quizGuid="BF42CCCF-D3F7-4658-86C6-53CAE9C855F3" tscIQ:authoredEmail="" tscIQ:requireUserId="0" tscIQ:locale="pt-BR" tscIQ:reportMethod="SCORM" tscIQ:allowSkipQuiz="0" tscIQ:clientId="E7885279-24D1-4E90-AF2A-EF9A7A4E075B" tscIQ:hideReplay="0" tscIQ:quizHash="b559a770342661afc27b21b29f0422fd">
              <xmpDM:markers>
                <rdf:Seq>
                  <rdf:li>
                    <rdf:Description xmpDM:startTime="240900" tscIQ:feedback="0" tscIQ:questionSetName="Avaliação">
                      <tscIQ:questions>
                        <rdf:Seq>
                          <rdf:li>
                            <rdf:Description tscIQ:type="MC" tscIQ:id="0">
                              <tscIQ:question>Qual dessas vitaminas é hidrossolúvel?</tscIQ:question>
                              <tscIQ:correctAnswer>2</tscIQ:correctAnswer>
                              <tscIQ:answerArray>
                                <rdf:Seq>
                                  <rdf:li>
                                    <rdf:Description tscIQ:orderId="0">
                                      <tscIQ:answer>a) K.</tscIQ:answer>
                                    </rdf:Description>
                                  </rdf:li>
                                  <rdf:li>
                                    <rdf:Description tscIQ:orderId="1">
                                      <tscIQ:answer>b) C.</tscIQ:answer>
                                    </rdf:Description>
                                  </rdf:li>
                                  <rdf:li>
                                    <rdf:Description tscIQ:orderId="2">
                                      <tscIQ:answer>c) D.</tscIQ:answer>
                                    </rdf:Description>
                                  </rdf:li>
                                  <rdf:li>
                                    <rdf:Description tscIQ:orderId="3">
                                      <tscIQ:answer>d) A.</tscIQ:answer>
                                    </rdf:Description>
                                  </rdf:li>
                                </rdf:Seq>
                              </tscIQ:answerArray>
                              <tscIQ:feedback>
                                <rdf:Bag>
                                  <rdf:li>
                                    <rdf:Description tscIQ:reason="correct">
                                      <xmpDM:name>
                                        <rdf:Alt>
                                          <rdf:li>Parabéns, você acertou!</rdf:li>
                                        </rdf:Alt>
                                      </xmpDM:name>
                                    </rdf:Description>
                                  </rdf:li>
                                  <rdf:li>
                                    <rdf:Description tscIQ:reason="incorrect">
                                      <xmpDM:name>
                                        <rdf:Alt>
                                          <rdf:li>Você errou, verifique qual é a resposta correta.</rdf:li>
                                        </rdf:Alt>
                                      </xmpDM:name>
                                    </rdf:Description>
                                  </rdf:li>
                                </rdf:Bag>
                              </tscIQ:feedback>
                            </rdf:Description>
                          </rdf:li>
                        </rdf:Seq>
                      </tscIQ:questions>
                    </rdf:Description>
                  </rdf:li>
                </rdf:Seq>
              </xmpDM:markers>
              <tscIQ:QuizParams>
                <rdf:Bag>
                  <rdf:li xmpDM:name="txtPrev" xmpDM:value="Anterior"/>
                  <rdf:li xmpDM:name="txtNext" xmpDM:value="Próximo"/>
                  <rdf:li xmpDM:name="txtAnswerQuestion" xmpDM:value="Fazer avaliação agora"/>
                  <rdf:li xmpDM:name="txtSubmit" xmpDM:value="Enviar respostas"/>
                  <rdf:li xmpDM:name="txtReview" xmpDM:value="Assistir novamente"/>
                  <rdf:li xmpDM:name="txtReviewAnswer" xmpDM:value="Exibir respostas"/>
                  <rdf:li xmpDM:name="txtContinue" xmpDM:value="Continuar"/>
                </rdf:Bag>
              </tscIQ:QuizParams>
            </rdf:Description>
          </rdf:li>
        </rdf:Bag>
      </xmpDM:Tracks>
      <tscDM:controller>
        <rdf:Description xmpDM:name="tscplayer">
          <tscDM:parameters>
            <rdf:Bag>
              <rdf:li xmpDM:name="autohide" xmpDM:value="true"/>
              <rdf:li xmpDM:name="autoplay" xmpDM:value="false"/>
              <rdf:li xmpDM:name="loop" xmpDM:value="false"/>
              <rdf:li xmpDM:name="searchable" xmpDM:value="true"/>
              <rdf:li xmpDM:name="captionsenabled" xmpDM:value="false"/>
              <rdf:li xmpDM:name="sidebarenabled" xmpDM:value="false"/>
              <rdf:li xmpDM:name="unicodeenabled" xmpDM:value="false"/>
              <rdf:li xmpDM:name="backgroundcolor" xmpDM:value="000000"/>
              <rdf:li xmpDM:name="sidebarlocation" xmpDM:value="left"/>
              <rdf:li xmpDM:name="endaction" xmpDM:value="stop"/>
              <rdf:li xmpDM:name="endactionparam" xmpDM:value="true"/>
              <rdf:li xmpDM:name="locale" xmpDM:value="pt-BR"/>
            </rdf:Bag>
          </tscDM:parameters>
          <tscDM:controllerText>
            <rdf:Bag>
                  </rdf:Bag>
          </tscDM:controllerText>
        </rdf:Description>
      </tscDM:controller>
      <tscDM:contentList>
        <rdf:Description>
          <tscDM:files>
            <rdf:Seq>
              <rdf:li xmpDM:name="0" xmpDM:value="video_First_Frame.png"/>
              <rdf:li xmpDM:name="1" xmpDM:value="video_Thumbnails.png"/>
            </rdf:Seq>
          </tscDM:files>
        </rdf:Description>
      </tscDM:contentList>
    </rdf:Description>
  </rdf:RDF>
</x:xmpmeta>
